{
    "extends": "solhint:recommended",
    "plugins": ["prettier"],
    "rules": {
        "prettier/prettier": [
            "error",
            {
                "endOfLine": "auto"
            }
        ],
        "max-line-length": ["error", 120],
        "max-states-count": ["off", 15],
        "no-empty-blocks": "error",
        "no-unused-vars": "error",
        "payable-fallback": "error",
        "reason-string": ["error", { "maxLength": 80 }],
        "constructor-syntax": "error",
        "const-name-snakecase": "error",
        "contract-name-camelcase": "error",
        "event-name-camelcase": "error",
        "func-name-mixedcase": "error",
        "func-param-name-mixedcase": "error",
        "modifier-name-mixedcase": "error",
        "private-vars-leading-underscore": ["error", { "strict": false }],
        "use-forbidden-name": "error",
        "var-name-mixedcase": "error",
        "imports-on-top": "error",
        "visibility-modifier-order": "error",
        "avoid-call-value": "error",
        "avoid-sha3": "error",
        "avoid-suicide": "error",
        "avoid-throw": "error",
        "avoid-tx-origin": "error",
        "check-send-result": "error",
        "compiler-version": ["error", "^0.8.11"],
        "func-visibility": ["warn", { "ignoreConstructors": true }],
        "multiple-sends": "error",
        "reentrancy": "error",
        "state-visibility": "error",
        "quotes": ["error", "single"],
        "not-rely-on-time": "off"
    }
}
